name,category,address,city,state,country,latitude,longitude,phone,website,rating,review_count,opening_hours,price_level,business_status,maps_url,date_scraped
Vee cafe,sandwich,,Pune,Maharashtra,INdia,18.4595641,73.7856,,,,,,,OPERATIONAL,https://www.openstreetmap.org/?mlat=18.4595641&mlon=73.7856&zoom=17,2026-03-15 20:07 UTC
Cafe Chocolade,sandwich;coffee_shop;burger,,Pune,Maharashtra,INdia,18.4599021,73.7859788,,,,,,,OPERATIONAL,https://www.openstreetmap.org/?mlat=18.4599021&mlon=73.7859788&zoom=17,2026-03-15 20:07 UTC
Shri Sai Cheesy Cafe,coffee_shop;pizza;burger;indian,"DSK Vishwa Road, 411041",Pune,Maharashtra,INdia,18.4469415,73.8098906,,,,,,,OPERATIONAL,https://www.openstreetmap.org/?mlat=18.4469415&mlon=73.8098906&zoom=17,2026-03-15 20:07 UTC
Radhe Radhe snacks,Cafe,"Uttamnagar road, 411021",Pune,Maharashtra,INdia,18.5222328,73.764454,,,,,,,OPERATIONAL,https://www.openstreetmap.org/?mlat=18.5222328&mlon=73.764454&zoom=17,2026-03-15 20:07 UTC
Chai Sutta Premi,Cafe,"Uttamnagar road, 411021",Pune,Maharashtra,INdia,18.5215614,73.7654676,,,,,,,OPERATIONAL,https://www.openstreetmap.org/?mlat=18.5215614&mlon=73.7654676&zoom=17,2026-03-15 20:07 UTC
Sarkar special,Cafe,"Uttamnagar road, 411021",Pune,Maharashtra,INdia,18.5203194,73.76666,,,,,,,OPERATIONAL,https://www.openstreetmap.org/?mlat=18.5203194&mlon=73.76666&zoom=17,2026-03-15 20:07 UTC
Durga Cafe,Cafe,,Pune,Maharashtra,INdia,18.4967827,73.8022806,,,,,Mo-Su 08:00-23:00,,OPERATIONAL,https://www.openstreetmap.org/?mlat=18.4967827&mlon=73.8022806&zoom=17,2026-03-15 20:07 UTC
Durga Cafe,coffee_shop,"Karve Nagar , Pune, 411052",Pune,Maharashtra,INdia,18.4850121,73.8161195,,,,,,,OPERATIONAL,https://www.openstreetmap.org/?mlat=18.4850121&mlon=73.8161195&zoom=17,2026-03-15 20:07 UTC
Jijai Coffee House,coffee_shop;sandwich,"Shop no 6, Mantri Lavendula, Paud Road",Pune,Maharashtra,INdia,18.5078832,73.7723605,9850982119,,,,24/7,,OPERATIONAL,https://www.openstreetmap.org/?mlat=18.5078832&mlon=73.7723605&zoom=17,2026-03-15 20:07 UTC
Cafe Coffee Day,coffee_shop,,Pune,Maharashtra,INdia,18.5081327,73.7828202,,,,,,,OPERATIONAL,https://www.openstreetmap.org/?mlat=18.5081327&mlon=73.7828202&zoom=17,2026-03-15 20:07 UTC
Cafe Peter,Cafe,,Pune,Maharashtra,INdia,18.5105251,73.7818758,,,,,,,OPERATIONAL,https://www.openstreetmap.org/?mlat=18.5105251&mlon=73.7818758&zoom=17,2026-03-15 20:07 UTC
Irani Cafe,Cafe,,Pune,Maharashtra,INdia,18.5079498,73.7830283,,,,,,,OPERATIONAL,https://www.openstreetmap.org/?mlat=18.5079498&mlon=73.7830283&zoom=17,2026-03-15 20:07 UTC
Cafe Cofee Day,coffee_shop,,Pune,Maharashtra,INdia,18.5086466,73.789635,,,,,,,OPERATIONAL,https://www.openstreetmap.org/?mlat=18.5086466&mlon=73.789635&zoom=17,2026-03-15 20:07 UTC
Cafe Coffee Day,coffee_shop,,Pune,Maharashtra,INdia,18.5081099,73.7884605,,,,,,,OPERATIONAL,https://www.openstreetmap.org/?mlat=18.5081099&mlon=73.7884605&zoom=17,2026-03-15 20:07 UTC
Fat Labrador Cafe,pizza;burger;italian;coffee_shop,"bavdhan, DSK Ranwara road",Pune,Maharashtra,INdia,18.520606,73.7761434,,,,,,,OPERATIONAL,https://www.openstreetmap.org/?mlat=18.520606&mlon=73.7761434&zoom=17,2026-03-15 20:07 UTC
Frozen Bottle,milkshake;ice_cream,,Pune,Maharashtra,INdia,18.5231342,73.7802989,,,,,,,OPERATIONAL,https://www.openstreetmap.org/?mlat=18.5231342&mlon=73.7802989&zoom=17,2026-03-15 20:07 UTC
Chai Katta,Cafe,,Pune,Maharashtra,INdia,18.5209133,73.7789568,,,,,Mo-Su 09:00-23:00,,OPERATIONAL,https://www.openstreetmap.org/?mlat=18.5209133&mlon=73.7789568&zoom=17,2026-03-15 20:07 UTC
fat labradour cafe,coffee_shop;pizza;italian,"bavdhan, DSK Ranwara road",Pune,Maharashtra,INdia,18.5203832,73.7756738,,,,,Mo-Su 10:00am-11:00pm,,OPERATIONAL,https://www.openstreetmap.org/?mlat=18.5203832&mlon=73.7756738&zoom=17,2026-03-15 20:07 UTC
fat labrador cafe,Cafe,,Pune,Maharashtra,INdia,18.5205538,73.7760285,,,,,,,OPERATIONAL,https://www.openstreetmap.org/?mlat=18.5205538&mlon=73.7760285&zoom=17,2026-03-15 20:07 UTC
fat labrador,burger;bavdhan,"bavdhan, DSK Ranwara road, 411021",Pune,Maharashtra,INdia,18.5205843,73.7760821,,,,,,,OPERATIONAL,https://www.openstreetmap.org/?mlat=18.5205843&mlon=73.7760821&zoom=17,2026-03-15 20:07 UTC
Goodluck Cafe,Cafe,,Pune,Maharashtra,INdia,18.516814,73.7815622,,,,,Mo-Su 08:00-23:00,,OPERATIONAL,https://www.openstreetmap.org/?mlat=18.516814&mlon=73.7815622&zoom=17,2026-03-15 20:07 UTC
Good Luck Cafe,pizza;coffee_shop;burger;indian;breakfast;tea;juice;brunch;fries;sandwich;chicken,"Shop no.2, Swami, NDA Pashan Rd, 411021",Pune,Maharashtra,INdia,18.516853,73.7815936,091754 46609,https://goodluckcafe.com,,,Mo-Su 07:00-22:00,,OPERATIONAL,https://www.openstreetmap.org/?mlat=18.516853&mlon=73.7815936&zoom=17,2026-03-15 20:07 UTC
The Breakfast Cafe,cafe,,Pune,Maharashtra,INdia,18.5233913,73.7804892,,,,,,,OPERATIONAL,https://www.openstreetmap.org/?mlat=18.5233913&mlon=73.7804892&zoom=17,2026-03-15 20:07 UTC
Cafe DuM,Cafe,,Pune,Maharashtra,INdia,18.5232498,73.7807421,,,,,,,OPERATIONAL,https://www.openstreetmap.org/?mlat=18.5232498&mlon=73.7807421&zoom=17,2026-03-15 20:07 UTC
The Brown Cafe,Cafe,"Shop No 1, Hari Ganga Apts, S, no 49, Gandhi Bhavan Rd, Kothrud, Pune, Maharashtra 411029",Pune,Maharashtra,INdia,18.5009384,73.8048096,,https://thebrowncafe.in/,,,Mo-Su 11:00-22:00,,OPERATIONAL,https://www.openstreetmap.org/?mlat=18.5009384&mlon=73.8048096&zoom=17,2026-03-15 20:07 UTC
Cafe coffee shop,Cafe,,Pune,Maharashtra,INdia,18.5084498,73.795336,,,,,Mo-Su 09:00-21:00,,OPERATIONAL,https://www.openstreetmap.org/?mlat=18.5084498&mlon=73.795336&zoom=17,2026-03-15 20:07 UTC
De Baker's Lounge,Cafe,,Pune,Maharashtra,INdia,18.502221,73.8094132,,,,,,,OPERATIONAL,https://www.openstreetmap.org/?mlat=18.502221&mlon=73.8094132&zoom=17,2026-03-15 20:07 UTC
Cafe Eastwood,Cafe,Paschimanagari,Pune,Maharashtra,INdia,18.4987178,73.8193274,,,,,Mo-Su 13:00-23:00,,OPERATIONAL,https://www.openstreetmap.org/?mlat=18.4987178&mlon=73.8193274&zoom=17,2026-03-15 20:07 UTC
Café Coffee Day,Cafe,,Pune,Maharashtra,INdia,18.5001122,73.8143802,,,,,,,OPERATIONAL,https://www.openstreetmap.org/?mlat=18.5001122&mlon=73.8143802&zoom=17,2026-03-15 20:07 UTC
Mr. Gelato,ice_cream,"Karve Road, 411038",Pune,Maharashtra,INdia,18.5033991,73.8194485,,,,,,,OPERATIONAL,https://www.openstreetmap.org/?mlat=18.5033991&mlon=73.8194485&zoom=17,2026-03-15 20:07 UTC
Cafe Durga,Cafe,"Shop No -2, Sanskruti Pratibimba Apartments, Mayur Colony, Kothrud, Pune, Maharashtra 411038",Pune,Maharashtra,INdia,18.5060236,73.817776,097641 42450,https://durgacafe.com/,,,Mo-Su 09:00-23:00,,OPERATIONAL,https://www.openstreetmap.org/?mlat=18.5060236&mlon=73.817776&zoom=17,2026-03-15 20:07 UTC
Crown Bakery,cake;dessert;donut,"Rambaug Colony Road, 411038",Pune,Maharashtra,INdia,18.5124738,73.8089403,,,,,Mo-Su 09:00-21:00,,OPERATIONAL,https://www.openstreetmap.org/?mlat=18.5124738&mlon=73.8089403&zoom=17,2026-03-15 20:07 UTC
Cafe Coffee Day,coffee_shop,MIT College Road,Pune,Maharashtra,INdia,18.5137007,73.8155415,,,,,,,OPERATIONAL,https://www.openstreetmap.org/?mlat=18.5137007&mlon=73.8155415&zoom=17,2026-03-15 20:07 UTC
cafe durga,regional,,Pune,Maharashtra,INdia,18.5155055,73.8155019,,,,,,,OPERATIONAL,https://www.openstreetmap.org/?mlat=18.5155055&mlon=73.8155019&zoom=17,2026-03-15 20:07 UTC
Guptaji Tasty Bites,Cafe,,Pune,Maharashtra,INdia,18.5154534,73.8157991,,,,,,,OPERATIONAL,https://www.openstreetmap.org/?mlat=18.5154534&mlon=73.8157991&zoom=17,2026-03-15 20:07 UTC
Community cafe,Cafe,,Pune,Maharashtra,INdia,18.5109027,73.8155399,,,,,Mo-Su 08:00-23:00,,OPERATIONAL,https://www.openstreetmap.org/?mlat=18.5109027&mlon=73.8155399&zoom=17,2026-03-15 20:07 UTC
Cafe Delight,Cafe,,Pune,Maharashtra,INdia,18.5151326,73.8154298,,,,,,,OPERATIONAL,https://www.openstreetmap.org/?mlat=18.5151326&mlon=73.8154298&zoom=17,2026-03-15 20:07 UTC
It's Street Coffee,coffee_shop,"Rambaug Colony Road, 411038",Pune,Maharashtra,INdia,18.5110698,73.815449,,,,,,,OPERATIONAL,https://www.openstreetmap.org/?mlat=18.5110698&mlon=73.815449&zoom=17,2026-03-15 20:07 UTC
Cafe Dot Com,pizza;burger,"Sus Road, 411021",Pune,Maharashtra,INdia,18.548737,73.7680906,6457264382,https://cafe.com/,,,Mo-Su 09:00-21:00,,OPERATIONAL,https://www.openstreetmap.org/?mlat=18.548737&mlon=73.7680906&zoom=17,2026-03-15 20:07 UTC
Bhau's Cafe,coffee_shop,"Pashan-Sus Road, 411021",Pune,Maharashtra,INdia,18.5440664,73.7816736,,,,,,,OPERATIONAL,https://www.openstreetmap.org/?mlat=18.5440664&mlon=73.7816736&zoom=17,2026-03-15 20:07 UTC
SD Cafe,coffee_shop,"Pashan-Sus Road, 411021",Pune,Maharashtra,INdia,18.5440073,73.7817491,,,,,,,OPERATIONAL,https://www.openstreetmap.org/?mlat=18.5440073&mlon=73.7817491&zoom=17,2026-03-15 20:07 UTC
Cafe Durga,Cafe,,Pune,Maharashtra,INdia,18.5444539,73.7820527,+91 99211 66166,,,,Mo-Su 09:00-23:30,,OPERATIONAL,https://www.openstreetmap.org/?mlat=18.5444539&mlon=73.7820527&zoom=17,2026-03-15 20:07 UTC
Chai Katta,Cafe,,Pune,Maharashtra,INdia,18.5444112,73.7822187,,,,,Mo-Su 08:00-23:00,,OPERATIONAL,https://www.openstreetmap.org/?mlat=18.5444112&mlon=73.7822187&zoom=17,2026-03-15 20:07 UTC
Cafe Peiskos,Cafe,"Baner-Pashan Link Road, 411021",Pune,Maharashtra,INdia,18.5485217,73.7910459,+91 78759 29567,,,,Mo-Su 11:00-22:30,,OPERATIONAL,https://www.openstreetmap.org/?mlat=18.5485217&mlon=73.7910459&zoom=17,2026-03-15 20:07 UTC
Pagdandi cafe,coffee_shop;sandwich;korean;burger;chicken,"Baner-Pashan Link Road, 411021",Pune,Maharashtra,INdia,18.5523223,73.7931643,8788990609,https://pagdandi.org/,,,Tu-Su 10:00-8:00,,OPERATIONAL,https://www.openstreetmap.org/?mlat=18.5523223&mlon=73.7931643&zoom=17,2026-03-15 20:07 UTC
Pan India Eatery,pizza;coffee_shop;chinese,"Baner-Pashan Link Road, 411021",Pune,Maharashtra,INdia,18.5522362,73.7929231,+91 74474 50011,,,,Mo-Su 12:00-23:00,,OPERATIONAL,https://www.openstreetmap.org/?mlat=18.5522362&mlon=73.7929231&zoom=17,2026-03-15 20:07 UTC
Caffee Delicioso,coffee_shop;ice_cream;chocolate,"Caffee Delicioso, Pride Valencia Apartment,, Pancard Club Road, Baner, 411045",Pune,Maharashtra,INdia,18.5597322,73.7811959,+917507657070,,,,24/7,,OPERATIONAL,https://www.openstreetmap.org/?mlat=18.5597322&mlon=73.7811959&zoom=17,2026-03-15 20:07 UTC
Namaste Chai,Cafe,,Pune,Maharashtra,INdia,18.5582436,73.7927155,,,,,,,OPERATIONAL,https://www.openstreetmap.org/?mlat=18.5582436&mlon=73.7927155&zoom=17,2026-03-15 20:07 UTC
Satva Coffe,Cafe,,Pune,Maharashtra,INdia,18.5643864,73.7791054,,,,,,,OPERATIONAL,https://www.openstreetmap.org/?mlat=18.5643864&mlon=73.7791054&zoom=17,2026-03-15 20:07 UTC
The Belgian Waffle Company,Cafe,,Pune,Maharashtra,INdia,18.5687438,73.775275,,,,,,,OPERATIONAL,https://www.openstreetmap.org/?mlat=18.5687438&mlon=73.775275&zoom=17,2026-03-15 20:07 UTC
T1,Cafe,,Pune,Maharashtra,INdia,18.5718355,73.7764514,,,,,,,OPERATIONAL,https://www.openstreetmap.org/?mlat=18.5718355&mlon=73.7764514&zoom=17,2026-03-15 20:07 UTC
The Magic Bottle,Cafe,,Pune,Maharashtra,INdia,18.5694498,73.7813326,,,,,,,OPERATIONAL,https://www.openstreetmap.org/?mlat=18.5694498&mlon=73.7813326&zoom=17,2026-03-15 20:07 UTC
Chota Bite by Cafe Goodluck,Cafe,,Pune,Maharashtra,INdia,18.5523169,73.7938289,,,,,,,OPERATIONAL,https://www.openstreetmap.org/?mlat=18.5523169&mlon=73.7938289&zoom=17,2026-03-15 20:07 UTC
Cafe Durga,Cafe,,Pune,Maharashtra,INdia,18.552337,73.7940055,,,,,,,OPERATIONAL,https://www.openstreetmap.org/?mlat=18.552337&mlon=73.7940055&zoom=17,2026-03-15 20:07 UTC
Rolls Mania,Cafe,,Pune,Maharashtra,INdia,18.5522827,73.793998,,,,,,,OPERATIONAL,https://www.openstreetmap.org/?mlat=18.5522827&mlon=73.793998&zoom=17,2026-03-15 20:07 UTC
Aromas Cafe & Bistro,Cafe,,Pune,Maharashtra,INdia,18.5547221,73.8000536,,,,,,,OPERATIONAL,https://www.openstreetmap.org/?mlat=18.5547221&mlon=73.8000536&zoom=17,2026-03-15 20:07 UTC
Cafe Coffee Day,coffee_shop,,Pune,Maharashtra,INdia,18.5546075,73.8047402,,,,,,,OPERATIONAL,https://www.openstreetmap.org/?mlat=18.5546075&mlon=73.8047402&zoom=17,2026-03-15 20:07 UTC
Two Good (food | art | studio),Cafe,,Pune,Maharashtra,INdia,18.5540744,73.8048628,,,,,,,OPERATIONAL,https://www.openstreetmap.org/?mlat=18.5540744&mlon=73.8048628&zoom=17,2026-03-15 20:07 UTC
Brewing Bistro,Cafe,,Pune,Maharashtra,INdia,18.5522368,73.8039477,,,,,,,OPERATIONAL,https://www.openstreetmap.org/?mlat=18.5522368&mlon=73.8039477&zoom=17,2026-03-15 20:07 UTC
Bombay Creamery,Cafe,,Pune,Maharashtra,INdia,18.5571215,73.7936443,,,,,,,OPERATIONAL,https://www.openstreetmap.org/?mlat=18.5571215&mlon=73.7936443&zoom=17,2026-03-15 20:07 UTC
Kiosk Kaffee,Cafe,Ramchandra Gayakwad Path,Pune,Maharashtra,INdia,18.5605667,73.8050006,,,,,,,OPERATIONAL,https://www.openstreetmap.org/?mlat=18.5605667&mlon=73.8050006&zoom=17,2026-03-15 20:07 UTC
Cafe Old Skool,Cafe,"Shankarao Gaikwad Path, 411007",Pune,Maharashtra,INdia,18.5532768,73.8075129,,,,,,,OPERATIONAL,https://www.openstreetmap.org/?mlat=18.5532768&mlon=73.8075129&zoom=17,2026-03-15 20:07 UTC
Nosh Cafe and Kichen,Cafe,"Shankarao Gaikwad Path, 411007",Pune,Maharashtra,INdia,18.5533066,73.8073813,,,,,,,OPERATIONAL,https://www.openstreetmap.org/?mlat=18.5533066&mlon=73.8073813&zoom=17,2026-03-15 20:07 UTC
Cafe Coffee Day,coffee_shop,,Pune,Maharashtra,INdia,18.5558558,73.8094085,,,,,,,OPERATIONAL,https://www.openstreetmap.org/?mlat=18.5558558&mlon=73.8094085&zoom=17,2026-03-15 20:07 UTC
Cafe Durga,Cafe,,Pune,Maharashtra,INdia,18.5558253,73.8087411,,,,,,,OPERATIONAL,https://www.openstreetmap.org/?mlat=18.5558253&mlon=73.8087411&zoom=17,2026-03-15 20:07 UTC
Cafe Starboy,Cafe,,Pune,Maharashtra,INdia,18.5533119,73.8071797,,,,,,,OPERATIONAL,https://www.openstreetmap.org/?mlat=18.5533119&mlon=73.8071797&zoom=17,2026-03-15 20:07 UTC
Third wave coffee,Cafe,"Ozone Mall, Anand Park, ITI Road",Pune,Maharashtra,INdia,18.5562117,73.8089739,+91 95298 83500,,,,,,OPERATIONAL,https://www.openstreetmap.org/?mlat=18.5562117&mlon=73.8089739&zoom=17,2026-03-15 20:07 UTC
Chaha Mi,tea,,Pune,Maharashtra,INdia,18.5559535,73.8181282,,,,,,,OPERATIONAL,https://www.openstreetmap.org/?mlat=18.5559535&mlon=73.8181282&zoom=17,2026-03-15 20:07 UTC
Polka Dots,Cafe,"Westend Mall, Mahadji Shinde Marg, 411007",Pune,Maharashtra,INdia,18.5624008,73.806953,+91 7447 766 365;+91 7447 770 303,,,,"PH,Mo-Su 11:00-23:00",,OPERATIONAL,https://www.openstreetmap.org/?mlat=18.5624008&mlon=73.806953&zoom=17,2026-03-15 20:07 UTC
AIMS Cafeteria,regional,,Pune,Maharashtra,INdia,18.5629732,73.810633,,,,,,,OPERATIONAL,https://www.openstreetmap.org/?mlat=18.5629732&mlon=73.810633&zoom=17,2026-03-15 20:07 UTC
Starbucks,coffee_shop,,Pune,Maharashtra,INdia,18.5566993,73.8088692,,,,,,,OPERATIONAL,https://www.openstreetmap.org/?mlat=18.5566993&mlon=73.8088692&zoom=17,2026-03-15 20:07 UTC
Revive Social Rooftop Cafe & Lounge,pizza;coffee_shop;burger;italian;sandwich;pasta,"Rooftop, Raviraj Society, D.P Road, Parihar Chowk, Near Westend Mall, Ramchandra Gayakwad Path, 411007",Pune,Maharashtra,INdia,18.5604275,73.8080515,+918668564552,revivesocial.in,,,Mo-Su 09:00-23:00,,OPERATIONAL,https://www.openstreetmap.org/?mlat=18.5604275&mlon=73.8080515&zoom=17,2026-03-15 20:07 UTC
Third Wave Coffee,coffee_shop,"Westend Icon, Aundh, 411007",Pune,Maharashtra,INdia,18.5608571,73.8067852,,,,,,,OPERATIONAL,https://www.openstreetmap.org/?mlat=18.5608571&mlon=73.8067852&zoom=17,2026-03-15 20:07 UTC
Fit & Fat Bistro,sandwich;coffee;coffee_shop,"Shop No. C-4, Sai Heritage, 411007",Pune,Maharashtra,INdia,18.5653066,73.8012929,,,,,,,OPERATIONAL,https://www.openstreetmap.org/?mlat=18.5653066&mlon=73.8012929&zoom=17,2026-03-15 20:07 UTC
Madras Cafe,Cafe,,Pune,Maharashtra,INdia,18.5653672,73.8005102,,,,,,,OPERATIONAL,https://www.openstreetmap.org/?mlat=18.5653672&mlon=73.8005102&zoom=17,2026-03-15 20:07 UTC
Marshall's Book Cafe,coffee_shop;sandwich;juice,"Aundh Opposite Pandit Bheemsen Joshi Auditorium, near PMRDA Office, Bremen Chowk, Pune, Maharashtra 411067",Pune,Maharashtra,INdia,18.5635624,73.8123093,096376 51304,,,,Mo-Su 11:30-22:00,,OPERATIONAL,https://www.openstreetmap.org/?mlat=18.5635624&mlon=73.8123093&zoom=17,2026-03-15 20:07 UTC
Cafe Durga,Cafe,,Pune,Maharashtra,INdia,18.567104,73.8077225,+91 91560 55553,,,,,,OPERATIONAL,https://www.openstreetmap.org/?mlat=18.567104&mlon=73.8077225&zoom=17,2026-03-15 20:07 UTC
Cafe Peter,Cafe,,Pune,Maharashtra,INdia,18.5809231,73.7842257,,,,,,,OPERATIONAL,https://www.openstreetmap.org/?mlat=18.5809231&mlon=73.7842257&zoom=17,2026-03-15 20:07 UTC
ABC Cafe,italian;pizza;sandwich,"56/3, kirti nagar, 411027",Pune,Maharashtra,INdia,18.5835741,73.8035457,,www.abccafe.com,,,Mo-Su 11:00-21:00,,OPERATIONAL,https://www.openstreetmap.org/?mlat=18.5835741&mlon=73.8035457&zoom=17,2026-03-15 20:07 UTC
MadyMade Pizza,pizza;burger;fries,"Pimple Gurav-Navi Sangvi Road, 411027",Pune,Maharashtra,INdia,18.5776151,73.8156096,07414900543,,,,Mo-Su 11:30-23:00,,OPERATIONAL,https://www.openstreetmap.org/?mlat=18.5776151&mlon=73.8156096&zoom=17,2026-03-15 20:07 UTC
Delhi Chat,Cafe,,Pune,Maharashtra,INdia,18.5816936,73.8162783,,,,,,,OPERATIONAL,https://www.openstreetmap.org/?mlat=18.5816936&mlon=73.8162783&zoom=17,2026-03-15 20:07 UTC
Tea Center,Cafe,,Pune,Maharashtra,INdia,18.5852691,73.8193095,,,,,,,OPERATIONAL,https://www.openstreetmap.org/?mlat=18.5852691&mlon=73.8193095&zoom=17,2026-03-15 20:07 UTC
Daily Bites,Cafe,,Pune,Maharashtra,INdia,18.5929263,73.7999191,,,,,,,OPERATIONAL,https://www.openstreetmap.org/?mlat=18.5929263&mlon=73.7999191&zoom=17,2026-03-15 20:07 UTC
cafe coffee hutt,pizza;coffee_shop;burger;italian;sandwich;chicken,"kate vasti, 411027",Pune,Maharashtra,INdia,18.5929024,73.8037257,,,,,Mo-Su 10:00-22:00,,OPERATIONAL,https://www.openstreetmap.org/?mlat=18.5929024&mlon=73.8037257&zoom=17,2026-03-15 20:07 UTC
Pocket Cafe,pizza;coffee_shop;burger;sandwich,"Pimple Gurav, 411027",Pune,Maharashtra,INdia,18.5937754,73.8037912,020 256369,https://pokketcafe.com/,,,Mo-Su 09:00-21:00,,OPERATIONAL,https://www.openstreetmap.org/?mlat=18.5937754&mlon=73.8037912&zoom=17,2026-03-15 20:07 UTC
ENGINEERS CAFE,Cafe,,Pune,Maharashtra,INdia,18.4408298,73.8397901,,,,,24/7,,OPERATIONAL,https://www.openstreetmap.org/?mlat=18.4408298&mlon=73.8397901&zoom=17,2026-03-15 20:07 UTC
Cake Carnivel,Cafe,"Katraj Ambegaon Khurd Road, 411046",Pune,Maharashtra,INdia,18.4494345,73.838114,,,,,Mo-Su 010:00-21:00,,OPERATIONAL,https://www.openstreetmap.org/?mlat=18.4494345&mlon=73.838114&zoom=17,2026-03-15 20:07 UTC
National Cafe,Cafe,,Pune,Maharashtra,INdia,18.4603841,73.8239506,,,,,,,OPERATIONAL,https://www.openstreetmap.org/?mlat=18.4603841&mlon=73.8239506&zoom=17,2026-03-15 20:07 UTC
Goodluck Cafe,Cafe,"Goel Ganga road, 411051",Pune,Maharashtra,INdia,18.4699752,73.8232298,,,,,,,OPERATIONAL,https://www.openstreetmap.org/?mlat=18.4699752&mlon=73.8232298&zoom=17,2026-03-15 20:07 UTC
Chai High,tea,411041,Pune,Maharashtra,INdia,18.4650359,73.8339481,+919834372320,,,,Mo-Su 08:30-23:00,,OPERATIONAL,https://www.openstreetmap.org/?mlat=18.4650359&mlon=73.8339481&zoom=17,2026-03-15 20:07 UTC
Café Tea One,coffee_shop;tea;burger;sandwich;noodle,411048,Pune,Maharashtra,INdia,18.4665215,73.8929342,+918855878719,,,,Mo-Su 09:00-00:00,,OPERATIONAL,https://www.openstreetmap.org/?mlat=18.4665215&mlon=73.8929342&zoom=17,2026-03-15 20:07 UTC
Sunrise Garden Cafe,persian,,Pune,Maharashtra,INdia,18.4575693,73.9126839,,,,,,,OPERATIONAL,https://www.openstreetmap.org/?mlat=18.4575693&mlon=73.9126839&zoom=17,2026-03-15 20:07 UTC
The Veg Culture,Cafe,,Pune,Maharashtra,INdia,18.4718862,73.8204546,,,,,,,OPERATIONAL,https://www.openstreetmap.org/?mlat=18.4718862&mlon=73.8204546&zoom=17,2026-03-15 20:07 UTC
Sadguru Snacks & Catering,Cafe,"Shop No. 1, 411052",Pune,Maharashtra,INdia,18.4938505,73.825703,,,,,,,OPERATIONAL,https://www.openstreetmap.org/?mlat=18.4938505&mlon=73.825703&zoom=17,2026-03-15 20:07 UTC
Neha's Cafe,Cafe,"Parvati Sahakar Nagar, Vrindavan Society, Sivadarshan Poorgrasta Vasahat, Parvati Paytha, Pune, Maharashtra 411009",Pune,Maharashtra,INdia,18.4897121,73.8499352,090287 38585,,,,Mo-Su 10:00-23:45,,OPERATIONAL,https://www.openstreetmap.org/?mlat=18.4897121&mlon=73.8499352&zoom=17,2026-03-15 20:07 UTC
Neha cafe,pizza;burger;chinese;mexican,"laxmi road, Golwalkar Guruji Path, 411009",Pune,Maharashtra,INdia,18.489244,73.8484533,9547516565,,,,Mo-Su 09:00-21:00,,OPERATIONAL,https://www.openstreetmap.org/?mlat=18.489244&mlon=73.8484533&zoom=17,2026-03-15 20:07 UTC
Birdy's Cake Shop,"pastry,cakes","Karve Road, 411038",Pune,Maharashtra,INdia,18.503162,73.8200213,,,,,,,OPERATIONAL,https://www.openstreetmap.org/?mlat=18.503162&mlon=73.8200213&zoom=17,2026-03-15 20:07 UTC
Starbucks,coffee_shop,"Sangam Solitaire, Ground Floor, Late GA Kulkarni Path, Kothrud, Pune, Maharashtra 411038",Pune,Maharashtra,INdia,18.5020112,73.8219989,082912 79830,https://www.starbucks.in/,,,Mo-Su 08:00-23:00,,OPERATIONAL,https://www.openstreetmap.org/?mlat=18.5020112&mlon=73.8219989&zoom=17,2026-03-15 20:07 UTC
Himali Canteen,Cafe,,Pune,Maharashtra,INdia,18.503351,73.8323972,,,,,,,OPERATIONAL,https://www.openstreetmap.org/?mlat=18.503351&mlon=73.8323972&zoom=17,2026-03-15 20:07 UTC
Coffee and Bread Art Cafe,Cafe,,Pune,Maharashtra,INdia,18.5040027,73.8308185,,,,,,,OPERATIONAL,https://www.openstreetmap.org/?mlat=18.5040027&mlon=73.8308185&zoom=17,2026-03-15 20:07 UTC
Brewbakes Café|Bistro Paud Raod,pizza;burger;sandwich;coffee_shop;ice_cream;chicken,"ShopNo#2 ,Rokade Heights ,Near Suzuki Showroom, Paud Road, 411038",Pune,Maharashtra,INdia,18.5083054,73.8223027,+919011430170,,,,Mo-Su 11:00-23:00,,OPERATIONAL,https://www.openstreetmap.org/?mlat=18.5083054&mlon=73.8223027&zoom=17,2026-03-15 20:07 UTC
Pastry Corner,Cafe,,Pune,Maharashtra,INdia,18.5088106,73.8303995,,,,,,,OPERATIONAL,https://www.openstreetmap.org/?mlat=18.5088106&mlon=73.8303995&zoom=17,2026-03-15 20:07 UTC
Cafe Coffee Day,coffee_shop,,Pune,Maharashtra,INdia,18.5079686,73.8315264,,,,,,,OPERATIONAL,https://www.openstreetmap.org/?mlat=18.5079686&mlon=73.8315264&zoom=17,2026-03-15 20:07 UTC
The Box Bistro,Cafe,,Pune,Maharashtra,INdia,18.5059058,73.8281404,,,,,,,OPERATIONAL,https://www.openstreetmap.org/?mlat=18.5059058&mlon=73.8281404&zoom=17,2026-03-15 20:07 UTC
Neha Music Studios,Cafe,"D2, Lions Club Road, Dattawadi, 411030",Pune,Maharashtra,INdia,18.4987408,73.8382785,9049464234,https://g.page/r/CZqe4KbZGL2aEAE?gm,,,Mo-Sa 08:00-18:00,,OPERATIONAL,https://www.openstreetmap.org/?mlat=18.4987408&mlon=73.8382785&zoom=17,2026-03-15 20:07 UTC
Cafe House of Bamboo - HOB,cafe,,Pune,Maharashtra,INdia,18.5017834,73.8356043,,,,,,,OPERATIONAL,https://www.openstreetmap.org/?mlat=18.5017834&mlon=73.8356043&zoom=17,2026-03-15 20:07 UTC
Westyard Cafe,Cafe,,Pune,Maharashtra,INdia,18.5076728,73.8351372,,,,,,,OPERATIONAL,https://www.openstreetmap.org/?mlat=18.5076728&mlon=73.8351372&zoom=17,2026-03-15 20:07 UTC
Grubshup,indian,,Pune,Maharashtra,INdia,18.5108517,73.8298928,,,,,,,OPERATIONAL,https://www.openstreetmap.org/?mlat=18.5108517&mlon=73.8298928&zoom=17,2026-03-15 20:07 UTC
Barista Lavazza,Cafe,,Pune,Maharashtra,INdia,18.5151955,73.8286908,02025662080,http://barista.co.in/,,,,,OPERATIONAL,https://www.openstreetmap.org/?mlat=18.5151955&mlon=73.8286908&zoom=17,2026-03-15 20:07 UTC
Kollage Food Court,Cafe,,Pune,Maharashtra,INdia,18.5138821,73.8285786,,,,,,,OPERATIONAL,https://www.openstreetmap.org/?mlat=18.5138821&mlon=73.8285786&zoom=17,2026-03-15 20:07 UTC
Coffee Republic,coffee_shop,,Pune,Maharashtra,INdia,18.514478,73.8288841,,,,,,,OPERATIONAL,https://www.openstreetmap.org/?mlat=18.514478&mlon=73.8288841&zoom=17,2026-03-15 20:07 UTC
Crazy Cheesy Cafe,pizza;sandwich;coffee_shop;italian,"Shantisheela Society Lane, Law College Road, 411004",Pune,Maharashtra,INdia,18.5117222,73.8293085,,https://crazycheesy.in/,,,Mo-Su 09:00-21:00,,OPERATIONAL,https://www.openstreetmap.org/?mlat=18.5117222&mlon=73.8293085&zoom=17,2026-03-15 20:07 UTC
Starbucks,coffee_shop,"Vishnushastri Chiplunkar Path, 411004",Pune,Maharashtra,INdia,18.5144007,73.828863,,,,,Mo-Su 06:00-23:00,,OPERATIONAL,https://www.openstreetmap.org/?mlat=18.5144007&mlon=73.828863&zoom=17,2026-03-15 20:07 UTC
Cafe Coffee Day,coffee_shop,,Pune,Maharashtra,INdia,18.5192283,73.8305068,,,,,,,OPERATIONAL,https://www.openstreetmap.org/?mlat=18.5192283&mlon=73.8305068&zoom=17,2026-03-15 20:07 UTC
German Bakery,Cafe,"Law College Road, 411004",Pune,Maharashtra,INdia,18.5199223,73.8306161,,,,,,,OPERATIONAL,https://www.openstreetmap.org/?mlat=18.5199223&mlon=73.8306161&zoom=17,2026-03-15 20:07 UTC
Irani Cafe,Cafe,"Cornerstone Premises, Deccan Gymkhana, Prabhat Rd, beside Shri Mahila Griha Udyog Lijjat Papad Factory, Papad, Pune, Maharashtra 411004",Pune,Maharashtra,INdia,18.5140553,73.8375771,07420016286,iranicafe.in,,,Mo-Su 07:00-22:00,,OPERATIONAL,https://www.openstreetmap.org/?mlat=18.5140553&mlon=73.8375771&zoom=17,2026-03-15 20:07 UTC
Jumboking Vada Pav,Cafe,,Pune,Maharashtra,INdia,18.5160792,73.842796,,,,,,,OPERATIONAL,https://www.openstreetmap.org/?mlat=18.5160792&mlon=73.842796&zoom=17,2026-03-15 20:07 UTC
Le Plaisir,coffee_shop,,Pune,Maharashtra,INdia,18.5181398,73.8380932,,,,,,,OPERATIONAL,https://www.openstreetmap.org/?mlat=18.5181398&mlon=73.8380932&zoom=17,2026-03-15 20:07 UTC
Brewing Partners,coffee_shop;burger,,Pune,Maharashtra,INdia,18.5182435,73.8357178,,,,,,,OPERATIONAL,https://www.openstreetmap.org/?mlat=18.5182435&mlon=73.8357178&zoom=17,2026-03-15 20:07 UTC
Cafe Coffee Day,coffee_shop,,Pune,Maharashtra,INdia,18.522171,73.841185,,,,,,,OPERATIONAL,https://www.openstreetmap.org/?mlat=18.522171&mlon=73.841185&zoom=17,2026-03-15 20:07 UTC
Floyds 23,Cafe,,Pune,Maharashtra,INdia,18.5190715,73.8452439,,,,,,,OPERATIONAL,https://www.openstreetmap.org/?mlat=18.5190715&mlon=73.8452439&zoom=17,2026-03-15 20:07 UTC
Kedar,Cafe,,Pune,Maharashtra,INdia,18.5221741,73.8443861,,,,,,,OPERATIONAL,https://www.openstreetmap.org/?mlat=18.5221741&mlon=73.8443861&zoom=17,2026-03-15 20:07 UTC
Starbucks,coffee_shop,"Gopal Krushna Gokhale Path, 411004",Pune,Maharashtra,INdia,18.5224787,73.8411525,,https://www.starbucks.in/,,,Mo-Su 07:00-23:00,,OPERATIONAL,https://www.openstreetmap.org/?mlat=18.5224787&mlon=73.8411525&zoom=17,2026-03-15 20:07 UTC
Kathaa,Cafe,,Pune,Maharashtra,INdia,18.5208204,73.8405007,,,,,,,OPERATIONAL,https://www.openstreetmap.org/?mlat=18.5208204&mlon=73.8405007&zoom=17,2026-03-15 20:07 UTC
Cafe Peter,Cafe,"1206B/28, Bapusaheb Gupte Path, 411005",Pune,Maharashtra,INdia,18.5205671,73.8438757,,https://www.cafepeterapteroad.in/,,,Mo-Su 08:00-00:00,,OPERATIONAL,https://www.openstreetmap.org/?mlat=18.5205671&mlon=73.8438757&zoom=17,2026-03-15 20:07 UTC
Coffee Nation,Cafe,,Pune,Maharashtra,INdia,18.5229626,73.8411319,,,,,,,OPERATIONAL,https://www.openstreetmap.org/?mlat=18.5229626&mlon=73.8411319&zoom=17,2026-03-15 20:07 UTC
FRIENDS,coffee_shop,"Laxminagar Road, 411009",Pune,Maharashtra,INdia,18.4993248,73.8477321,7721839961,,,,Mo-Sa 08:00-18:00,,OPERATIONAL,https://www.openstreetmap.org/?mlat=18.4993248&mlon=73.8477321&zoom=17,2026-03-15 20:07 UTC
Rohit Coffee Corner,Cafe,,Pune,Maharashtra,INdia,18.5095069,73.8468166,,,,,,,OPERATIONAL,https://www.openstreetmap.org/?mlat=18.5095069&mlon=73.8468166&zoom=17,2026-03-15 20:07 UTC
Shree Wadeshwar Bhuvan,indian,Bajirao Road,Pune,Maharashtra,INdia,18.5108811,73.8536392,,,,,,,OPERATIONAL,https://www.openstreetmap.org/?mlat=18.5108811&mlon=73.8536392&zoom=17,2026-03-15 20:07 UTC
Cafe Coffee Day,coffee_shop,,Pune,Maharashtra,INdia,18.5228996,73.8483963,+919326877251,https://www.cafecoffeeday.com/,,,Mo-Su 09:00-23:00,,OPERATIONAL,https://www.openstreetmap.org/?mlat=18.5228996&mlon=73.8483963&zoom=17,2026-03-15 20:07 UTC
Captain Coffee.,coffee_shop,,Pune,Maharashtra,INdia,18.5207406,73.8557679,,,,,,,OPERATIONAL,https://www.openstreetmap.org/?mlat=18.5207406&mlon=73.8557679&zoom=17,2026-03-15 20:07 UTC
Mochi Cafe,Cafe,,Pune,Maharashtra,INdia,18.5229615,73.8638644,,,,,Mo-Sa 08:00-18:00,,OPERATIONAL,https://www.openstreetmap.org/?mlat=18.5229615&mlon=73.8638644&zoom=17,2026-03-15 20:07 UTC
Bun maska cafe,Cafe,,Pune,Maharashtra,INdia,18.474172,73.8911535,,,,,,,OPERATIONAL,https://www.openstreetmap.org/?mlat=18.474172&mlon=73.8911535&zoom=17,2026-03-15 20:07 UTC
omkar cafe,pizza,"123, Kondhwa Road, 411048",Pune,Maharashtra,INdia,18.4713805,73.887929,,,,,Mo-Su 09:00-21:00,,OPERATIONAL,https://www.openstreetmap.org/?mlat=18.4713805&mlon=73.887929&zoom=17,2026-03-15 20:07 UTC
Cafe Grand,Cafe,"Lane no 15, Cafe Grand, Shivneri Nagar , kondhwa, 411048",Pune,Maharashtra,INdia,18.4751184,73.8854081,,,,,Mo-Sa 08:00-23:00,,OPERATIONAL,https://www.openstreetmap.org/?mlat=18.4751184&mlon=73.8854081&zoom=17,2026-03-15 20:07 UTC
Brew Brothers,coffee_shop,"Narayan Annaji Shinde Road, 411048",Pune,Maharashtra,INdia,18.477798,73.9016322,,,,,,,OPERATIONAL,https://www.openstreetmap.org/?mlat=18.477798&mlon=73.9016322&zoom=17,2026-03-15 20:07 UTC
Peter cafe,ice_cream;pizza;italian;coffee_shop;indian,"Ganga kingston, NIBM Road, 411060",Pune,Maharashtra,INdia,18.4769289,73.9107678,1456432564,,,,Mo-Su 09:00-21:00,,OPERATIONAL,https://www.openstreetmap.org/?mlat=18.4769289&mlon=73.9107678&zoom=17,2026-03-15 20:07 UTC
Kannu Ki Chai,Cafe,,Pune,Maharashtra,INdia,18.4793292,73.9014673,,,,,Mo-Su 07:00-23:00,,OPERATIONAL,https://www.openstreetmap.org/?mlat=18.4793292&mlon=73.9014673&zoom=17,2026-03-15 20:07 UTC
Kailash Cold Drink House,Cafe,,Pune,Maharashtra,INdia,18.5114711,73.8781232,,,,,,,OPERATIONAL,https://www.openstreetmap.org/?mlat=18.5114711&mlon=73.8781232&zoom=17,2026-03-15 20:07 UTC
Marz-O-Rin,Cafe,,Pune,Maharashtra,INdia,18.5165106,73.8790851,,,,,,,OPERATIONAL,https://www.openstreetmap.org/?mlat=18.5165106&mlon=73.8790851&zoom=17,2026-03-15 20:07 UTC
Cafe Coffee Day,coffee_shop,,Pune,Maharashtra,INdia,18.5135215,73.8793156,,,,,,,OPERATIONAL,https://www.openstreetmap.org/?mlat=18.5135215&mlon=73.8793156&zoom=17,2026-03-15 20:07 UTC
Coffee House,Cafe,,Pune,Maharashtra,INdia,18.5187719,73.8772441,,,,,,,OPERATIONAL,https://www.openstreetmap.org/?mlat=18.5187719&mlon=73.8772441&zoom=17,2026-03-15 20:07 UTC
best cafe,Cafe,,Pune,Maharashtra,INdia,18.5191226,73.8759631,,,,,Mo-Su 09:00-21:00,,OPERATIONAL,https://www.openstreetmap.org/?mlat=18.5191226&mlon=73.8759631&zoom=17,2026-03-15 20:07 UTC
Barista Lavazza,Cafe,,Pune,Maharashtra,INdia,18.5181975,73.8793295,,,,,,,OPERATIONAL,https://www.openstreetmap.org/?mlat=18.5181975&mlon=73.8793295&zoom=17,2026-03-15 20:07 UTC
cafe  coffee  day,Cafe,,Pune,Maharashtra,INdia,18.5216088,73.8792163,,,,,Mo-Su 10:00-22:00,,OPERATIONAL,https://www.openstreetmap.org/?mlat=18.5216088&mlon=73.8792163&zoom=17,2026-03-15 20:07 UTC
Diamond Queen,irani;coffee_shop,411001,Pune,Maharashtra,INdia,18.5182802,73.8800352,,,,,,,OPERATIONAL,https://www.openstreetmap.org/?mlat=18.5182802&mlon=73.8800352&zoom=17,2026-03-15 20:07 UTC
Café Coffee Day,coffee_shop,"Vitthal Rao Shivarkar Marg, 411040",Pune,Maharashtra,INdia,18.50277,73.9010709,,,,,,,OPERATIONAL,https://www.openstreetmap.org/?mlat=18.50277&mlon=73.9010709&zoom=17,2026-03-15 20:07 UTC
pizza hut,italian;sandwich;ice_cream;chinese,,Pune,Maharashtra,INdia,18.5139824,73.901171,1109876991,,,,Mo-Su 11:00-23:00,,OPERATIONAL,https://www.openstreetmap.org/?mlat=18.5139824&mlon=73.901171&zoom=17,2026-03-15 20:07 UTC
Iceberg,Cafe,,Pune,Maharashtra,INdia,18.5315199,73.8317233,,,,,,,OPERATIONAL,https://www.openstreetmap.org/?mlat=18.5315199&mlon=73.8317233&zoom=17,2026-03-15 20:07 UTC
Starbucks,coffee_shop,,Pune,Maharashtra,INdia,18.5342829,73.8298542,,https://www.starbucks.in/,,,Mo-Su 09:00-20:00,,OPERATIONAL,https://www.openstreetmap.org/?mlat=18.5342829&mlon=73.8298542&zoom=17,2026-03-15 20:07 UTC
Sweet Chariot,Cafe,,Pune,Maharashtra,INdia,18.527138,73.8416279,,,,,,,OPERATIONAL,https://www.openstreetmap.org/?mlat=18.527138&mlon=73.8416279&zoom=17,2026-03-15 20:07 UTC
"Bookbar - Artisanal cafe, bookstore and pizzahouse",coffee_shop,"Ground Floor, Sanas Memories, 1&2,, Fergusson College Road, 411003",Pune,Maharashtra,INdia,18.5254171,73.8413938,,,,,Mo-Su 10:00-23:30,,OPERATIONAL,https://www.openstreetmap.org/?mlat=18.5254171&mlon=73.8413938&zoom=17,2026-03-15 20:07 UTC
Cafe Coffee Day,coffee_shop,"Gopal Krushna Gokhale Path, 411005",Pune,Maharashtra,INdia,18.5250285,73.8416866,+919272200142,https://www.cafecoffeeday.com/,,,Mo-Su 09:00-23:00,,OPERATIONAL,https://www.openstreetmap.org/?mlat=18.5250285&mlon=73.8416866&zoom=17,2026-03-15 20:07 UTC
Shabree Sharvaree,Cafe,,Pune,Maharashtra,INdia,18.5246063,73.8415847,,,,,,,OPERATIONAL,https://www.openstreetmap.org/?mlat=18.5246063&mlon=73.8415847&zoom=17,2026-03-15 20:07 UTC
Jivan,Cafe,,Pune,Maharashtra,INdia,18.5243666,73.8436958,,,,,,,OPERATIONAL,https://www.openstreetmap.org/?mlat=18.5243666&mlon=73.8436958&zoom=17,2026-03-15 20:07 UTC
Cafe Sky,Cafe,"Fergusson college campus Rd, cannol Road 8, Pune, Maharashtra 411004",Pune,Maharashtra,INdia,18.5253605,73.8403187,086002 02030,,,,Mo-Su 10:00-22:00,,OPERATIONAL,https://www.openstreetmap.org/?mlat=18.5253605&mlon=73.8403187&zoom=17,2026-03-15 20:07 UTC
Blue Tokai Coffee Roasters,coffee_shop;burger,,Pune,Maharashtra,INdia,18.5241167,73.8437345,,,,,,,OPERATIONAL,https://www.openstreetmap.org/?mlat=18.5241167&mlon=73.8437345&zoom=17,2026-03-15 20:07 UTC
MICROBIOLOGY CANTEEN,Cafe,,Pune,Maharashtra,INdia,18.5481783,73.8317816,,,,,,,OPERATIONAL,https://www.openstreetmap.org/?mlat=18.5481783&mlon=73.8317816&zoom=17,2026-03-15 20:07 UTC
Police Station Tea Stall,tea,"chaturshrungi police station, 411007",Pune,Maharashtra,INdia,18.5461752,73.8264862,,,,,,,OPERATIONAL,https://www.openstreetmap.org/?mlat=18.5461752&mlon=73.8264862&zoom=17,2026-03-15 20:07 UTC
Hotel Ratna,Cafe,,Pune,Maharashtra,INdia,18.5440081,73.8385545,,,,,,,OPERATIONAL,https://www.openstreetmap.org/?mlat=18.5440081&mlon=73.8385545&zoom=17,2026-03-15 20:07 UTC
One8 Commune,italian;burger;regional;international,,Pune,Maharashtra,INdia,18.5324019,73.8708397,,,,,,,OPERATIONAL,https://www.openstreetmap.org/?mlat=18.5324019&mlon=73.8708397&zoom=17,2026-03-15 20:07 UTC
the chefs way cafe,chicken;burger;pizza;italian,"203, ganga legend, 411020",Pune,Maharashtra,INdia,18.5626834,73.8317996,7385589357,,,,Mo-Fr 09:00-18:00,,OPERATIONAL,https://www.openstreetmap.org/?mlat=18.5626834&mlon=73.8317996&zoom=17,2026-03-15 20:07 UTC
Judicial Canteen,Cafe,,Pune,Maharashtra,INdia,18.5243164,73.873222,,,,,,,OPERATIONAL,https://www.openstreetmap.org/?mlat=18.5243164&mlon=73.873222&zoom=17,2026-03-15 20:07 UTC
Madhav Thali,Cafe,,Pune,Maharashtra,INdia,18.5276119,73.8732877,,,,,,,OPERATIONAL,https://www.openstreetmap.org/?mlat=18.5276119&mlon=73.8732877&zoom=17,2026-03-15 20:07 UTC
Amruttulya and Alpopahar,Cafe,,Pune,Maharashtra,INdia,18.5272588,73.8762364,,,,,,,OPERATIONAL,https://www.openstreetmap.org/?mlat=18.5272588&mlon=73.8762364&zoom=17,2026-03-15 20:07 UTC
Café Coffee Day,Cafe,,Pune,Maharashtra,INdia,18.5341722,73.8765536,,,,,,,OPERATIONAL,https://www.openstreetmap.org/?mlat=18.5341722&mlon=73.8765536&zoom=17,2026-03-15 20:07 UTC
Vohuman Cafe,Cafe,Rajarshi Shahu Maharaj Path,Pune,Maharashtra,INdia,18.5324382,73.8768496,+919373323263,https://www.facebook.com/vohumancafe/,,,Mo-Su 06:00-18:30,,OPERATIONAL,https://www.openstreetmap.org/?mlat=18.5324382&mlon=73.8768496&zoom=17,2026-03-15 20:07 UTC
Vohuman Café,Cafe,"Millennium Star, Chatrapati Shahu Maharaja Road, bear Ruby Hall",Pune,Maharashtra,INdia,18.5325235,73.876734,+919373323263,,,,Mo-Su 06:00-19:30,,OPERATIONAL,https://www.openstreetmap.org/?mlat=18.5325235&mlon=73.876734&zoom=17,2026-03-15 20:07 UTC
Kapila chart corner,Cafe,,Pune,Maharashtra,INdia,18.5340864,73.876567,,,,,,,OPERATIONAL,https://www.openstreetmap.org/?mlat=18.5340864&mlon=73.876567&zoom=17,2026-03-15 20:07 UTC
Durga Cafe,coffee_shop;chinese;south_indian,"Bund Garden Road, 411001",Pune,Maharashtra,INdia,18.5349834,73.8806036,,,,,,,OPERATIONAL,https://www.openstreetmap.org/?mlat=18.5349834&mlon=73.8806036&zoom=17,2026-03-15 20:07 UTC
Durga cafe,Cafe,,Pune,Maharashtra,INdia,18.534984,73.8805839,,,,,,,OPERATIONAL,https://www.openstreetmap.org/?mlat=18.534984&mlon=73.8805839&zoom=17,2026-03-15 20:07 UTC
Cafe Code Red,Cafe,,Pune,Maharashtra,INdia,18.5262952,73.8871613,,,,,,,OPERATIONAL,https://www.openstreetmap.org/?mlat=18.5262952&mlon=73.8871613&zoom=17,2026-03-15 20:07 UTC
Chafa Cafe And Studio,Cafe,,Pune,Maharashtra,INdia,18.533317,73.8970577,,,,,,,OPERATIONAL,https://www.openstreetmap.org/?mlat=18.533317&mlon=73.8970577&zoom=17,2026-03-15 20:07 UTC
Stories cafe,coffee_shop,,Pune,Maharashtra,INdia,18.532871,73.8955327,,https://storiespune.in,,,,,OPERATIONAL,https://www.openstreetmap.org/?mlat=18.532871&mlon=73.8955327&zoom=17,2026-03-15 20:07 UTC
Grandmama's Cafe,Cafe,,Pune,Maharashtra,INdia,18.5329684,73.8978625,07420060448,,,,,,OPERATIONAL,https://www.openstreetmap.org/?mlat=18.5329684&mlon=73.8978625&zoom=17,2026-03-15 20:07 UTC
Hotbox Corner,pizza;burger;coffee_shop,,Pune,Maharashtra,INdia,18.5485539,73.8786101,,,,,,,OPERATIONAL,https://www.openstreetmap.org/?mlat=18.5485539&mlon=73.8786101&zoom=17,2026-03-15 20:07 UTC
German Bakery,Cafe,Koregaon Park,Pune,Maharashtra,INdia,18.5396234,73.8873711,,,,,,,OPERATIONAL,https://www.openstreetmap.org/?mlat=18.5396234&mlon=73.8873711&zoom=17,2026-03-15 20:07 UTC
Cafe Coffee Day,coffee_shop,,Pune,Maharashtra,INdia,18.5395824,73.8870419,,,,,,,OPERATIONAL,https://www.openstreetmap.org/?mlat=18.5395824&mlon=73.8870419&zoom=17,2026-03-15 20:07 UTC
Starbucks,coffee_shop,"North Main Road, 411001",Pune,Maharashtra,INdia,18.5392674,73.8866937,,,,,,,OPERATIONAL,https://www.openstreetmap.org/?mlat=18.5392674&mlon=73.8866937&zoom=17,2026-03-15 20:07 UTC
Yogi Tree Cafe,Cafe,,Pune,Maharashtra,INdia,18.5412531,73.8876529,,,,,,,OPERATIONAL,https://www.openstreetmap.org/?mlat=18.5412531&mlon=73.8876529&zoom=17,2026-03-15 20:07 UTC
Hug my mug,Cafe,,Pune,Maharashtra,INdia,18.540993,73.8874645,,,,,,,OPERATIONAL,https://www.openstreetmap.org/?mlat=18.540993&mlon=73.8874645&zoom=17,2026-03-15 20:07 UTC
TGF Cafe,Cafe,,Pune,Maharashtra,INdia,18.5392176,73.8974601,,,,,,,OPERATIONAL,https://www.openstreetmap.org/?mlat=18.5392176&mlon=73.8974601&zoom=17,2026-03-15 20:07 UTC
The French Window Patisserie,coffee_shop,,Pune,Maharashtra,INdia,18.5376129,73.8979395,,,,,,,OPERATIONAL,https://www.openstreetmap.org/?mlat=18.5376129&mlon=73.8979395&zoom=17,2026-03-15 20:07 UTC
Brew Culture,coffee_shop,,Pune,Maharashtra,INdia,18.5365931,73.8990404,,,,,,,OPERATIONAL,https://www.openstreetmap.org/?mlat=18.5365931&mlon=73.8990404&zoom=17,2026-03-15 20:07 UTC
Forennté Patisserie,cake;pastry;coffee,,Pune,Maharashtra,INdia,18.5364425,73.8993524,,,,,,,OPERATIONAL,https://www.openstreetmap.org/?mlat=18.5364425&mlon=73.8993524&zoom=17,2026-03-15 20:07 UTC
Naughty Angel Cafe,italian,,Pune,Maharashtra,INdia,18.5364616,73.8995909,,,,,,,OPERATIONAL,https://www.openstreetmap.org/?mlat=18.5364616&mlon=73.8995909&zoom=17,2026-03-15 20:07 UTC
Third wave coffee,Cafe,,Pune,Maharashtra,INdia,18.5391027,73.9000346,,,,,,,OPERATIONAL,https://www.openstreetmap.org/?mlat=18.5391027&mlon=73.9000346&zoom=17,2026-03-15 20:07 UTC
Grey Soul,Cafe,,Pune,Maharashtra,INdia,18.5374881,73.8988397,,,,,,,OPERATIONAL,https://www.openstreetmap.org/?mlat=18.5374881&mlon=73.8988397&zoom=17,2026-03-15 20:07 UTC
Shisha Jazz Cafe,Cafe,,Pune,Maharashtra,INdia,18.5391279,73.9049627,,,,,,,OPERATIONAL,https://www.openstreetmap.org/?mlat=18.5391279&mlon=73.9049627&zoom=17,2026-03-15 20:07 UTC
Aroma's,Cafe,,Pune,Maharashtra,INdia,18.5387882,73.9052035,,,,,,,OPERATIONAL,https://www.openstreetmap.org/?mlat=18.5387882&mlon=73.9052035&zoom=17,2026-03-15 20:07 UTC
Pesto Pesto,Cafe,,Pune,Maharashtra,INdia,18.5381475,73.9068979,,,,,Mo-Su 09:00-23:00,,OPERATIONAL,https://www.openstreetmap.org/?mlat=18.5381475&mlon=73.9068979&zoom=17,2026-03-15 20:07 UTC
Starbucks,coffee_shop,,Pune,Maharashtra,INdia,18.546563,73.9009497,,,,,,,OPERATIONAL,https://www.openstreetmap.org/?mlat=18.546563&mlon=73.9009497&zoom=17,2026-03-15 20:07 UTC
chocolate caffe,all_in_caffe,"Sr. No. 12, Laxminagar Yerwada, 411006",Pune,Maharashtra,INdia,18.550336,73.8833164,8665474974,hejdhfdguh/fd/kli,,,Mo-Su 10:00-22:00,,OPERATIONAL,https://www.openstreetmap.org/?mlat=18.550336&mlon=73.8833164&zoom=17,2026-03-15 20:07 UTC
choclate caffe,pizza;coffee_shop;burger;sandwich;mexican;sushi;ice_cream;bubble_tea;donut,"haveli, 411006",Pune,Maharashtra,INdia,18.5503514,73.8833164,9754565476,http//www.com caffe,,,Mo-Su 10:00-22:00,,OPERATIONAL,https://www.openstreetmap.org/?mlat=18.5503514&mlon=73.8833164&zoom=17,2026-03-15 20:07 UTC
Yerawada,coffee_shop,,Pune,Maharashtra,INdia,18.5656319,73.8865762,,,,,,,OPERATIONAL,https://www.openstreetmap.org/?mlat=18.5656319&mlon=73.8865762&zoom=17,2026-03-15 20:07 UTC
Barista,coffee_shop,,Pune,Maharashtra,INdia,18.5539234,73.9039502,,,,,Mo-Fr 09:00-18:00,,OPERATIONAL,https://www.openstreetmap.org/?mlat=18.5539234&mlon=73.9039502&zoom=17,2026-03-15 20:07 UTC
The Cartoon Cafe,international,"sr.no 36, ramchandra nagar, 411014",Pune,Maharashtra,INdia,18.555899,73.9205169,,https://www.thecartooncafe.com/,,,Mo-Su 08:00-22:00,,OPERATIONAL,https://www.openstreetmap.org/?mlat=18.555899&mlon=73.9205169&zoom=17,2026-03-15 20:07 UTC
the cartoon cafe,coffee_shop,,Pune,Maharashtra,INdia,18.5558914,73.9205188,,https://www.thecartooncafe.com/,,,Mo-Su 06:00-22:00,,OPERATIONAL,https://www.openstreetmap.org/?mlat=18.5558914&mlon=73.9205188&zoom=17,2026-03-15 20:07 UTC
Backseat Brews,coffee_shop;pizza;burger;italian;sandwich;chicken;french;pasta;indian;ice_cream;dessert;chocolate,"Dei Gratia, Viman nagar, 411014",Pune,Maharashtra,INdia,18.5678173,73.9099372,+918888437374,,,,Mo-Su 09:00-23:00,,OPERATIONAL,https://www.openstreetmap.org/?mlat=18.5678173&mlon=73.9099372&zoom=17,2026-03-15 20:07 UTC
Brew Culture,coffee_shop,"Viman Nagar Road, 411014",Pune,Maharashtra,INdia,18.5668819,73.9106949,,,,,Mo-Su 09:00-21:00,,OPERATIONAL,https://www.openstreetmap.org/?mlat=18.5668819&mlon=73.9106949&zoom=17,2026-03-15 20:07 UTC
Cafe A26,coffee_shop,,Pune,Maharashtra,INdia,18.5682355,73.9060958,,,,,,,OPERATIONAL,https://www.openstreetmap.org/?mlat=18.5682355&mlon=73.9060958&zoom=17,2026-03-15 20:07 UTC
alag aasmaan,coffee_shop,"Pratapkumar Path, 411014",Pune,Maharashtra,INdia,18.5697053,73.910701,,,,,Mo-Su 09:00-21:00,,OPERATIONAL,https://www.openstreetmap.org/?mlat=18.5697053&mlon=73.910701&zoom=17,2026-03-15 20:07 UTC
Cafe Coffee Day,coffee_shop,,Pune,Maharashtra,INdia,18.5657868,73.918066,,,,,,,OPERATIONAL,https://www.openstreetmap.org/?mlat=18.5657868&mlon=73.918066&zoom=17,2026-03-15 20:07 UTC
Cafe Coffee Day,coffee_shop,"Magarpatta Inner Circle, 411013",Pune,Maharashtra,INdia,18.5124268,73.9285386,,,,,,,OPERATIONAL,https://www.openstreetmap.org/?mlat=18.5124268&mlon=73.9285386&zoom=17,2026-03-15 20:07 UTC
Cafe Rova,Cafe,Divine Suite,Pune,Maharashtra,INdia,18.5536815,73.939838,+919637908083,,,,,,OPERATIONAL,https://www.openstreetmap.org/?mlat=18.5536815&mlon=73.939838&zoom=17,2026-03-15 20:07 UTC
Habibi Cafe,coffee_shop,,Pune,Maharashtra,INdia,18.5898977,73.8637178,,,,,Mo-Su 09:00-21:00,,OPERATIONAL,https://www.openstreetmap.org/?mlat=18.5898977&mlon=73.8637178&zoom=17,2026-03-15 20:07 UTC
Red Coffee Shop,coffee_shop,"Kalas Area, Kalas, 411015",Pune,Maharashtra,INdia,18.5818453,73.8727968,,https//redcoffee.com,,,Mo-Sa 08:00-18:00,,OPERATIONAL,https://www.openstreetmap.org/?mlat=18.5818453&mlon=73.8727968&zoom=17,2026-03-15 20:07 UTC
Durga,coffee_shop;sandwich,"Sinhagad Road, 411041",Pune,Maharashtra,INdia,18.4611386,73.8126333,+91 8530084294,https://www.durgacafe.com/,,,Mo-Su 08:00-22:00,,OPERATIONAL,https://www.openstreetmap.org/?mlat=18.4611386&mlon=73.8126333&zoom=17,2026-03-15 20:07 UTC
Cafe Galaxy,dessert;frozen_yogurt,"123, Uttamnagar road, 411021",Pune,Maharashtra,INdia,18.5222375,73.7625891,+91 123 4567,http//:cafegalaxy.com,,,Mo-Su 08:00-22:00,,OPERATIONAL,https://www.openstreetmap.org/?mlat=18.5222375&mlon=73.7625891&zoom=17,2026-03-15 20:07 UTC
Richie,mexican;vietnamese,"DP Road, 411038",Pune,Maharashtra,INdia,18.5052823,73.7925691,,,,,Mo-Su 08:00-22:00,,OPERATIONAL,https://www.openstreetmap.org/?mlat=18.5052823&mlon=73.7925691&zoom=17,2026-03-15 20:07 UTC
Evara cafe,burger;pizza;coffee_shop;chicken;sandwich;italian;tea;fries;noodle;salad;pasta;brunch;bistro,"shop no.2, Pashan-Bavdhan Road, 411021",Pune,Maharashtra,INdia,18.5222925,73.7793428,+91 786029934,https://evaracafe.com,,,Mo-Su 10:00-22:00,,OPERATIONAL,https://www.openstreetmap.org/?mlat=18.5222925&mlon=73.7793428&zoom=17,2026-03-15 20:07 UTC
durga cafe,coffee_shop;indian,"shop 13, regency orion, mohan nagar, baner, 411045",Pune,Maharashtra,INdia,18.551545,73.7685805,,,,,Mo-Su 09:00-21:00,,OPERATIONAL,https://www.openstreetmap.org/?mlat=18.551545&mlon=73.7685805&zoom=17,2026-03-15 20:07 UTC
SOP 1 example2,pizza,"6758, Balewadi High Street, 511045",Pune,Maharashtra,INdia,18.5625642,73.7763801,,,,,Mo-Fr 09:00-17:00,,OPERATIONAL,https://www.openstreetmap.org/?mlat=18.5625642&mlon=73.7763801&zoom=17,2026-03-15 20:07 UTC
Rihla,Cafe,,Pune,Maharashtra,INdia,18.5632122,73.7770112,,,,,,,OPERATIONAL,https://www.openstreetmap.org/?mlat=18.5632122&mlon=73.7770112&zoom=17,2026-03-15 20:07 UTC
pablo's pizza,italian;french,"Balewadi High Street, 411045",Pune,Maharashtra,INdia,18.5656932,73.7762345,,,,,Mo-Su 08:00-22:00,,OPERATIONAL,https://www.openstreetmap.org/?mlat=18.5656932&mlon=73.7762345&zoom=17,2026-03-15 20:07 UTC
The Kuti Project,Cafe,,Pune,Maharashtra,INdia,18.5672833,73.7772311,,,,,,,OPERATIONAL,https://www.openstreetmap.org/?mlat=18.5672833&mlon=73.7772311&zoom=17,2026-03-15 20:07 UTC
New Era Bakery,dessert;sandwich;regional,,Pune,Maharashtra,INdia,18.5697258,73.7810037,,,,,Mo-Su 08:00-21:00,,OPERATIONAL,https://www.openstreetmap.org/?mlat=18.5697258&mlon=73.7810037&zoom=17,2026-03-15 20:07 UTC
Irani Chai,fast_food,,Pune,Maharashtra,INdia,18.5649455,73.8078718,,,,,,,OPERATIONAL,https://www.openstreetmap.org/?mlat=18.5649455&mlon=73.8078718&zoom=17,2026-03-15 20:07 UTC
BUENOS KAFFE,italian;pizza;pasta;burger;sandwich;coffee_shop;chicken,"Survey no 10, Chondhe Patil Badminton Hall, Chondhe Patil Road, Near Rohan Nilay Society, Aundh, 411007",Pune,Maharashtra,INdia,18.5669217,73.8159664,7499903324,,,,Mo-Su 08:00-23:00,,OPERATIONAL,https://www.openstreetmap.org/?mlat=18.5669217&mlon=73.8159664&zoom=17,2026-03-15 20:07 UTC
Sairat Biryani,biryani;chicken;chinese,"56, Kirtinagar, 411027",Pune,Maharashtra,INdia,18.5810663,73.8157491,123456,,,,Mo-Su 08:00-22:00,,OPERATIONAL,https://www.openstreetmap.org/?mlat=18.5810663&mlon=73.8157491&zoom=17,2026-03-15 20:07 UTC
CAKE CARNIVEL,Cafe,"Katraj Ambegaon Khurd Road, 411046",Pune,Maharashtra,INdia,18.4494579,73.8381232,,,,,Mo-Su 08:00-22:00,,OPERATIONAL,https://www.openstreetmap.org/?mlat=18.4494579&mlon=73.8381232&zoom=17,2026-03-15 20:07 UTC
neha Cafe,coffee_shop,"1, Sahakarnagar, 411043",Pune,Maharashtra,INdia,18.4693208,73.8314758,,,,,Mo-Fr 09:00-17:00,,OPERATIONAL,https://www.openstreetmap.org/?mlat=18.4693208&mlon=73.8314758&zoom=17,2026-03-15 20:07 UTC
VIT Canteen,Cafe,,Pune,Maharashtra,INdia,18.4630252,73.8681206,,,,,,,OPERATIONAL,https://www.openstreetmap.org/?mlat=18.4630252&mlon=73.8681206&zoom=17,2026-03-15 20:07 UTC
Sujata Mastani,Cafe,"Shop 3 Vasant Vihar Society Bibvewadi, Kondhwa Road, 411037",Pune,Maharashtra,INdia,18.4805597,73.8651217,,,,,,,OPERATIONAL,https://www.openstreetmap.org/?mlat=18.4805597&mlon=73.8651217&zoom=17,2026-03-15 20:07 UTC
Waari Cafe,Cafe,,Pune,Maharashtra,INdia,18.5064081,73.8210818,,,,,,,OPERATIONAL,https://www.openstreetmap.org/?mlat=18.5064081&mlon=73.8210818&zoom=17,2026-03-15 20:07 UTC
Anies,regional;chicken;coffee_shop,,Pune,Maharashtra,INdia,18.4820499,73.9052903,,,,,24/7,,OPERATIONAL,https://www.openstreetmap.org/?mlat=18.4820499&mlon=73.9052903&zoom=17,2026-03-15 20:07 UTC
Chai Cafe,regional,,Pune,Maharashtra,INdia,18.5159793,73.8771033,,,,,sunrise-sunset,,OPERATIONAL,https://www.openstreetmap.org/?mlat=18.5159793&mlon=73.8771033&zoom=17,2026-03-15 20:07 UTC
RED MOON CAFE,coffee_shop,"23, Bharatiya Vidyabhavan Marg, 411016",Pune,Maharashtra,INdia,18.5324579,73.8340762,,,,,Mo-Fr 08:00-17:00,,OPERATIONAL,https://www.openstreetmap.org/?mlat=18.5324579&mlon=73.8340762&zoom=17,2026-03-15 20:07 UTC
COEP Hostel Mess,Cafe,,Pune,Maharashtra,INdia,18.5279224,73.8511668,,,,,,,OPERATIONAL,https://www.openstreetmap.org/?mlat=18.5279224&mlon=73.8511668&zoom=17,2026-03-15 20:07 UTC
South Canteen,Cafe,,Pune,Maharashtra,INdia,18.5296816,73.85452,,,,,,,OPERATIONAL,https://www.openstreetmap.org/?mlat=18.5296816&mlon=73.85452&zoom=17,2026-03-15 20:07 UTC
aroma cafe,burger;coffee_shop;pizza;ice_cream,,Pune,Maharashtra,INdia,18.5844405,73.8928165,,,,,Mo-Su 10:00-22:00,,OPERATIONAL,https://www.openstreetmap.org/?mlat=18.5844405&mlon=73.8928165&zoom=17,2026-03-15 20:07 UTC
